,Company Name,Industry,LastPrice,Change,%Chg,Mkt Cap(Rs cr)
1,Adani Ports,Transport Infrastructure,214.9,-41.5,-16.19,43662.35
2,Asian Paints,Paints,1545.0,-197.95,-11.36,148196.06
3,Axis Bank,Bank - Private,342.75,-85.4,-19.95,96704.91
4,Bajaj Auto,Automobile - 2 & 3 Wheelers,1948.95,-293.35,-13.08,56396.19
5,Bajaj Finance,Finance - NBFC,2453.0,-498.9,-16.9,147594.33
6,Bajaj Finserv,Finance - Investment,4930.1,-1302.95,-20.9,78456.28
7,Bharti Airtel,Telecommunication - Service Provider,428.15,-34.5,-7.46,233579.69
8,Bharti Infratel,Telecommunication - Equipment,140.5,-7.65,-5.16,25987.0
9,BPCL,Refineries,296.25,-21.6,-6.8,64264.11
10,Britannia,Consumer Food,2277.6,-190.2,-7.71,54769.06
11,Cipla,Pharmaceuticals & Drugs,389.95,-2.85,-0.73,31439.15
12,Coal India,Coal,131.2,-1.6,-1.2,80855.0
13,Dr Reddys Labs,Pharmaceuticals & Drugs,2789.3,-107.95,-3.73,46350.38
14,Eicher Motors,Automobile - LCVS/ HVCS,14470.05,-1208.4,-7.71,39511.16
15,GAIL,Gas Distribution,77.75,-3.05,-3.77,35365.94
16,Grasim,Diversified,426.0,-103.4,-19.53,28022.23
17,HCL Tech,IT Services & Consulting,420.25,-24.65,-5.54,114041.78
18,HDFC,Finance - Housing,1593.75,-160.2,-9.13,276033.86
19,HDFC Bank,Bank - Private,787.0,-95.85,-10.86,431534.64
20,Hero Motocorp,Automobile - 2 & 3 Wheelers,1559.3,-256.4,-14.12,31145.36
21,Hindalco,Iron & Steel,89.7,-15.8,-14.98,20148.62
22,HUL,Household & Personal Products,1894.85,-156.85,-7.64,410201.12
23,ICICI Bank,Bank - Private,294.65,-51.05,-14.77,190711.89
24,IndusInd Bank,Bank - Private,345.3,-95.05,-21.59,23947.79
25,Infosys,IT Services & Consulting,535.1,-50.1,-8.56,227888.24
26,IOC,Refineries,84.0,-6.6,-7.28,79078.93
27,ITC,Cigarettes/Tobacco,153.85,-21.65,-12.34,189115.98
28,JSW Steel,Iron & Steel,142.6,-33.15,-18.86,34469.56
29,Kotak Mahindra,Bank - Private,1137.0,-125.35,-9.93,217447.44
30,Larsen,Engineering & Construction,735.4,-129.3,-14.95,103242.22
31,M&M,Automobile - Auto & Truck Manufacturers,290.5,-32.1,-9.95,36114.74
32,Maruti Suzuki,Automobile - Passenger Cars,4406.0,-673.2,-13.25,133096.47
33,Nestle,Consumer Food,13100.0,-1045.5,-7.39,126304.59
34,NTPC,Power Generation/Distribution,78.95,-2.3,-2.83,78117.53
35,ONGC,Oil Exploration and Production,62.75,-9.6,-13.27,78941.25
36,Power Grid Corp,Power Generation/Distribution,149.0,-8.25,-5.25,77950.69
37,Reliance,Oil Exploration and Production,912.5,-105.45,-10.36,578458.16
38,SBI,Bank - Public,187.75,-22.1,-10.53,167559.58
39,Sun Pharma,Pharmaceuticals & Drugs,335.0,-30.25,-8.28,80377.72
40,Tata Motors,Automobile - LCVS/ HVCS,70.1,-7.2,-9.31,21653.69
41,Tata Steel,Iron & Steel,258.35,-39.4,-13.23,29102.86
42,TCS,IT Services & Consulting,1695.65,-101.8,-5.66,636273.11
43,Tech Mahindra,IT Services & Consulting,523.35,-53.0,-9.2,51619.51
44,Titan Company,Diamond  &  Jewellery,808.1,-96.8,-10.7,71742.0
45,UltraTechCement,Cement,3101.5,-472.35,-13.22,89516.57
46,UPL,Pesticides & Agrochemicals,271.5,-28.65,-9.55,20743.83
47,Vedanta,Metals - Non Ferrous,65.15,-10.3,-13.65,24217.54
48,Wipro,IT Services & Consulting,174.2,-5.0,-2.79,99526.69
49,Yes Bank,Bank - Private,41.9,-3.95,-8.62,52586.48
50,Zee Entertain,TV Broadcasting & Software Production,129.0,-15.9,-10.97,12390.23
