,Company Name,Industry,LastPrice,Change,%Chg,Mkt Cap(Rs cr)
1,Adani Ports,Transport Infrastructure,208.5,-47.9,-18.68,42362.02
2,Asian Paints,Paints,1512.5,-230.45,-13.22,145078.67
3,Axis Bank,Bank - Private,314.9,-113.25,-26.45,88847.19
4,Bajaj Auto,Automobile - 2 & 3 Wheelers,1956.2,-286.1,-12.76,56605.98
5,Bajaj Finance,Finance - NBFC,2360.9,-591.0,-20.02,142052.77
6,Bajaj Finserv,Finance - Investment,4868.0,-1365.05,-21.9,77468.03
7,Bharti Airtel,Telecommunication - Service Provider,420.6,-42.05,-9.09,229460.74
8,Bharti Infratel,Telecommunication - Equipment,140.75,-7.4,-4.99,26033.24
9,BPCL,Refineries,269.5,-48.35,-15.21,58461.36
10,Britannia,Consumer Food,2193.75,-274.05,-11.11,52752.73
11,Cipla,Pharmaceuticals & Drugs,374.8,-18.0,-4.58,30217.7
12,Coal India,Coal,129.95,-2.85,-2.15,80084.65
13,Dr Reddys Labs,Pharmaceuticals & Drugs,2784.4,-112.85,-3.9,46268.95
14,Eicher Motors,Automobile - LCVS/ HVCS,14210.3,-1468.15,-9.36,38801.9
15,GAIL,Gas Distribution,77.65,-3.15,-3.9,35320.46
16,Grasim,Diversified,434.5,-94.9,-17.93,28581.36
17,HCL Tech,IT Services & Consulting,417.65,-27.25,-6.12,113336.22
18,HDFC,Finance - Housing,1590.25,-163.7,-9.33,275427.67
19,HDFC Bank,Bank - Private,781.05,-101.8,-11.53,428272.09
20,Hero Motocorp,Automobile - 2 & 3 Wheelers,1589.35,-226.35,-12.47,31745.58
21,Hindalco,Iron & Steel,85.35,-20.15,-19.1,19171.51
22,HUL,Household & Personal Products,1899.3,-152.4,-7.43,411164.46
23,ICICI Bank,Bank - Private,286.85,-58.85,-17.02,185663.35
24,IndusInd Bank,Bank - Private,337.35,-103.0,-23.39,23396.43
25,Infosys,IT Services & Consulting,531.9,-53.3,-9.11,226525.42
26,IOC,Refineries,81.8,-8.8,-9.71,77007.82
27,ITC,Cigarettes/Tobacco,154.7,-20.8,-11.85,190160.82
28,JSW Steel,Iron & Steel,136.6,-39.15,-22.28,33019.23
29,Kotak Mahindra,Bank - Private,1104.5,-157.85,-12.5,211231.92
30,Larsen,Engineering & Construction,728.7,-136.0,-15.73,102301.61
31,M&M,Automobile - Auto & Truck Manufacturers,296.0,-26.6,-8.25,36798.5
32,Maruti Suzuki,Automobile - Passenger Cars,4266.6,-812.6,-16.0,128885.48
33,Nestle,Consumer Food,13048.6,-1096.9,-7.75,125809.01
34,NTPC,Power Generation/Distribution,76.95,-4.3,-5.29,76138.62
35,ONGC,Oil Exploration and Production,60.65,-11.7,-16.17,76299.39
36,Power Grid Corp,Power Generation/Distribution,153.55,-3.7,-2.35,80331.06
37,Reliance,Oil Exploration and Production,888.1,-129.85,-12.76,562990.35
38,SBI,Bank - Public,183.8,-26.05,-12.41,164034.36
39,Sun Pharma,Pharmaceuticals & Drugs,328.35,-36.9,-10.1,78782.16
40,Tata Motors,Automobile - LCVS/ HVCS,66.5,-10.8,-13.97,20541.66
41,Tata Steel,Iron & Steel,267.45,-30.3,-10.18,30127.97
42,TCS,IT Services & Consulting,1706.35,-91.1,-5.07,640288.16
43,Tech Mahindra,IT Services & Consulting,510.8,-65.55,-11.37,50381.67
44,Titan Company,Diamond  &  Jewellery,827.55,-77.35,-8.55,73468.74
45,UltraTechCement,Cement,3080.5,-493.35,-13.8,88910.46
46,UPL,Pesticides & Agrochemicals,267.05,-33.1,-11.03,20403.83
47,Vedanta,Metals - Non Ferrous,62.2,-13.25,-17.56,23120.96
48,Wipro,IT Services & Consulting,172.35,-6.85,-3.82,98469.71
49,Yes Bank,Bank - Private,40.3,-5.55,-12.1,50578.4
50,Zee Entertain,TV Broadcasting & Software Production,126.5,-18.4,-12.7,12150.11
