,Company Name,Industry,LastPrice,Change,%Chg,Mkt Cap(Rs cr)
1,Adani Ports,Transport Infrastructure,206.35,-50.05,-19.52,41925.2
2,Asian Paints,Paints,1515.25,-227.7,-13.06,145342.45
3,Axis Bank,Bank - Private,313.6,-114.55,-26.75,88480.4
4,Bajaj Auto,Automobile - 2 & 3 Wheelers,1950.0,-292.3,-13.04,56426.57
5,Bajaj Finance,Finance - NBFC,2337.1,-614.8,-20.83,140620.75
6,Bajaj Finserv,Finance - Investment,4866.9,-1366.15,-21.92,77450.53
7,Bharti Airtel,Telecommunication - Service Provider,420.05,-42.6,-9.21,229160.69
8,Bharti Infratel,Telecommunication - Equipment,140.45,-7.7,-5.2,25977.75
9,BPCL,Refineries,267.4,-50.45,-15.87,58005.82
10,Britannia,Consumer Food,2191.0,-276.8,-11.22,52686.6
11,Cipla,Pharmaceuticals & Drugs,377.2,-15.6,-3.97,30411.2
12,Coal India,Coal,129.85,-2.95,-2.22,80023.03
13,Dr Reddys Labs,Pharmaceuticals & Drugs,2819.5,-77.75,-2.68,46852.22
14,Eicher Motors,Automobile - LCVS/ HVCS,14154.8,-1523.65,-9.72,38650.35
15,GAIL,Gas Distribution,78.0,-2.8,-3.47,35479.66
16,Grasim,Diversified,434.05,-95.35,-18.01,28551.76
17,HCL Tech,IT Services & Consulting,416.65,-28.25,-6.35,113064.86
18,HDFC,Finance - Housing,1589.9,-164.05,-9.35,275367.05
19,HDFC Bank,Bank - Private,779.45,-103.4,-11.71,427394.76
20,Hero Motocorp,Automobile - 2 & 3 Wheelers,1582.7,-233.0,-12.83,31612.75
21,Hindalco,Iron & Steel,87.35,-18.15,-17.2,19620.76
22,HUL,Household & Personal Products,1895.75,-155.95,-7.6,410395.95
23,ICICI Bank,Bank - Private,285.4,-60.3,-17.44,184724.84
24,IndusInd Bank,Bank - Private,338.55,-101.8,-23.12,23479.65
25,Infosys,IT Services & Consulting,531.55,-53.65,-9.17,226376.36
26,IOC,Refineries,81.9,-8.7,-9.6,77101.96
27,ITC,Cigarettes/Tobacco,154.8,-20.7,-11.79,190283.74
28,JSW Steel,Iron & Steel,138.25,-37.5,-21.34,33418.07
29,Kotak Mahindra,Bank - Private,1100.0,-162.35,-12.86,210371.31
30,Larsen,Engineering & Construction,725.5,-139.2,-16.1,101852.37
31,M&M,Automobile - Auto & Truck Manufacturers,297.2,-25.4,-7.87,36947.68
32,Maruti Suzuki,Automobile - Passenger Cars,4245.0,-834.2,-16.42,128232.99
33,Nestle,Consumer Food,13062.75,-1082.75,-7.65,125945.44
34,NTPC,Power Generation/Distribution,77.1,-4.15,-5.11,76287.04
35,ONGC,Oil Exploration and Production,60.6,-11.75,-16.24,76236.49
36,Power Grid Corp,Power Generation/Distribution,153.55,-3.7,-2.35,80331.06
37,Reliance,Oil Exploration and Production,887.2,-130.75,-12.84,562419.81
38,SBI,Bank - Public,183.55,-26.3,-12.53,163811.24
39,Sun Pharma,Pharmaceuticals & Drugs,328.1,-37.15,-10.17,78722.18
40,Tata Motors,Automobile - LCVS/ HVCS,66.4,-10.9,-14.1,20510.77
41,Tata Steel,Iron & Steel,270.05,-27.7,-9.3,30420.85
42,TCS,IT Services & Consulting,1707.05,-90.4,-5.03,640550.83
43,Tech Mahindra,IT Services & Consulting,508.25,-68.1,-11.82,50130.16
44,Titan Company,Diamond  &  Jewellery,818.05,-86.85,-9.6,72625.35
45,UltraTechCement,Cement,3080.0,-493.85,-13.82,88896.03
46,UPL,Pesticides & Agrochemicals,263.95,-36.2,-12.06,20166.98
47,Vedanta,Metals - Non Ferrous,62.45,-13.0,-17.23,23213.89
48,Wipro,IT Services & Consulting,172.05,-7.15,-3.99,98298.31
49,Yes Bank,Bank - Private,40.4,-5.45,-11.89,50703.91
50,Zee Entertain,TV Broadcasting & Software Production,126.6,-18.3,-12.63,12159.72
