,Company Name,Industry,LastPrice,Change,%Chg,Mkt Cap(Rs cr)
1,Adani Ports,Transport Infrastructure,204.35,-52.05,-20.3,41518.85
2,Asian Paints,Paints,1500.05,-242.9,-13.94,143884.46
3,Axis Bank,Bank - Private,312.3,-115.85,-27.06,88113.62
4,Bajaj Auto,Automobile - 2 & 3 Wheelers,1949.0,-293.3,-13.08,56397.63
5,Bajaj Finance,Finance - NBFC,2286.0,-665.9,-22.56,137546.12
6,Bajaj Finserv,Finance - Investment,4829.4,-1403.65,-22.52,76853.76
7,Bharti Airtel,Telecommunication - Service Provider,405.3,-57.35,-12.4,221113.74
8,Bharti Infratel,Telecommunication - Equipment,140.5,-7.65,-5.16,25987.0
9,BPCL,Refineries,266.0,-51.85,-16.31,57702.12
10,Britannia,Consumer Food,2108.2,-359.6,-14.57,50695.53
11,Cipla,Pharmaceuticals & Drugs,377.65,-15.15,-3.86,30447.48
12,Coal India,Coal,128.95,-3.85,-2.9,79468.38
13,Dr Reddys Labs,Pharmaceuticals & Drugs,2773.05,-124.2,-4.29,46080.35
14,Eicher Motors,Automobile - LCVS/ HVCS,14110.65,-1567.8,-10.0,38529.8
15,GAIL,Gas Distribution,77.55,-3.25,-4.02,35274.97
16,Grasim,Diversified,434.1,-95.3,-18.0,28555.05
17,HCL Tech,IT Services & Consulting,416.1,-28.8,-6.47,112915.6
18,HDFC,Finance - Housing,1545.9,-208.05,-11.86,267746.35
19,HDFC Bank,Bank - Private,775.45,-107.4,-12.17,425201.45
20,Hero Motocorp,Automobile - 2 & 3 Wheelers,1580.05,-235.65,-12.98,31559.82
21,Hindalco,Iron & Steel,88.95,-16.55,-15.69,19980.15
22,HUL,Household & Personal Products,1890.0,-161.7,-7.88,409151.18
23,ICICI Bank,Bank - Private,286.7,-59.0,-17.07,185566.26
24,IndusInd Bank,Bank - Private,339.0,-101.35,-23.02,23510.86
25,Infosys,IT Services & Consulting,529.05,-56.15,-9.6,225311.66
26,IOC,Refineries,81.25,-9.35,-10.32,76490.04
27,ITC,Cigarettes/Tobacco,153.75,-21.75,-12.39,188993.06
28,JSW Steel,Iron & Steel,143.15,-32.6,-18.55,34602.51
29,Kotak Mahindra,Bank - Private,1093.0,-169.35,-13.42,209032.59
30,Larsen,Engineering & Construction,724.45,-140.25,-16.22,101704.96
31,M&M,Automobile - Auto & Truck Manufacturers,292.35,-30.25,-9.38,36344.73
32,Maruti Suzuki,Automobile - Passenger Cars,4235.9,-843.3,-16.6,127958.09
33,Nestle,Consumer Food,12956.0,-1189.5,-8.41,124916.2
34,NTPC,Power Generation/Distribution,75.95,-5.3,-6.52,75149.16
35,ONGC,Oil Exploration and Production,60.55,-11.8,-16.31,76173.59
36,Power Grid Corp,Power Generation/Distribution,152.65,-4.6,-2.93,79860.22
37,Reliance,Oil Exploration and Production,880.35,-137.6,-13.52,558077.42
38,SBI,Bank - Public,182.05,-27.8,-13.25,162472.55
39,Sun Pharma,Pharmaceuticals & Drugs,322.0,-43.25,-11.84,77258.59
40,Tata Motors,Automobile - LCVS/ HVCS,66.2,-11.1,-14.36,20449.0
41,Tata Steel,Iron & Steel,269.75,-28.0,-9.4,30387.06
42,TCS,IT Services & Consulting,1684.05,-113.4,-6.31,631920.35
43,Tech Mahindra,IT Services & Consulting,493.1,-83.25,-14.44,48635.87
44,Titan Company,Diamond  &  Jewellery,817.05,-87.85,-9.71,72536.57
45,UltraTechCement,Cement,3069.5,-504.35,-14.11,88592.97
46,UPL,Pesticides & Agrochemicals,257.4,-42.75,-14.24,19666.53
47,Vedanta,Metals - Non Ferrous,62.55,-12.9,-17.1,23251.06
48,Wipro,IT Services & Consulting,171.0,-8.2,-4.58,97698.41
49,Yes Bank,Bank - Private,40.05,-5.8,-12.65,50264.64
50,Zee Entertain,TV Broadcasting & Software Production,125.95,-18.95,-13.08,12097.29
