,Company Name,Industry,LastPrice,Change,%Chg,Mkt Cap(Rs cr)
1,Adani Ports,Transport Infrastructure,205.25,-51.15,-19.95,41701.7
2,Asian Paints,Paints,1503.7,-239.25,-13.73,144234.57
3,Axis Bank,Bank - Private,312.5,-115.65,-27.01,88170.04
4,Bajaj Auto,Automobile - 2 & 3 Wheelers,1947.1,-295.2,-13.17,56342.65
5,Bajaj Finance,Finance - NBFC,2280.4,-671.5,-22.75,137209.18
6,Bajaj Finserv,Finance - Investment,4885.0,-1348.05,-21.63,77738.57
7,Bharti Airtel,Telecommunication - Service Provider,414.8,-47.85,-10.34,226296.52
8,Bharti Infratel,Telecommunication - Equipment,140.65,-7.5,-5.06,26014.74
9,BPCL,Refineries,265.05,-52.8,-16.61,57496.04
10,Britannia,Consumer Food,2150.35,-317.45,-12.86,51709.1
11,Cipla,Pharmaceuticals & Drugs,375.8,-17.0,-4.33,30298.32
12,Coal India,Coal,129.15,-3.65,-2.75,79591.64
13,Dr Reddys Labs,Pharmaceuticals & Drugs,2797.9,-99.35,-3.43,46493.29
14,Eicher Motors,Automobile - LCVS/ HVCS,14110.65,-1567.8,-10.0,38529.8
15,GAIL,Gas Distribution,77.55,-3.25,-4.02,35274.97
16,Grasim,Diversified,435.0,-94.4,-17.83,28614.25
17,HCL Tech,IT Services & Consulting,416.3,-28.6,-6.43,112969.88
18,HDFC,Finance - Housing,1560.55,-193.4,-11.03,270283.7
19,HDFC Bank,Bank - Private,777.75,-105.1,-11.9,426462.6
20,Hero Motocorp,Automobile - 2 & 3 Wheelers,1582.0,-233.7,-12.87,31598.77
21,Hindalco,Iron & Steel,89.1,-16.4,-15.55,20013.84
22,HUL,Household & Personal Products,1898.15,-153.55,-7.48,410915.51
23,ICICI Bank,Bank - Private,286.85,-58.85,-17.02,185663.35
24,IndusInd Bank,Bank - Private,339.3,-101.05,-22.95,23531.67
25,Infosys,IT Services & Consulting,529.55,-55.65,-9.51,225524.6
26,IOC,Refineries,81.45,-9.15,-10.1,76678.32
27,ITC,Cigarettes/Tobacco,154.05,-21.45,-12.22,189361.82
28,JSW Steel,Iron & Steel,143.7,-32.05,-18.24,34735.46
29,Kotak Mahindra,Bank - Private,1094.5,-167.85,-13.3,209319.46
30,Larsen,Engineering & Construction,726.05,-138.65,-16.03,101929.58
31,M&M,Automobile - Auto & Truck Manufacturers,293.2,-29.4,-9.11,36450.41
32,Maruti Suzuki,Automobile - Passenger Cars,4230.35,-848.85,-16.71,127790.44
33,Nestle,Consumer Food,13042.4,-1103.1,-7.8,125749.23
34,NTPC,Power Generation/Distribution,76.35,-4.9,-6.03,75544.94
35,ONGC,Oil Exploration and Production,60.35,-12.0,-16.59,75921.99
36,Power Grid Corp,Power Generation/Distribution,153.2,-4.05,-2.58,80147.95
37,Reliance,Oil Exploration and Production,882.65,-135.3,-13.29,559535.45
38,SBI,Bank - Public,182.7,-27.15,-12.94,163052.65
39,Sun Pharma,Pharmaceuticals & Drugs,323.95,-41.3,-11.31,77726.46
40,Tata Motors,Automobile - LCVS/ HVCS,66.2,-11.1,-14.36,20449.0
41,Tata Steel,Iron & Steel,268.7,-29.05,-9.76,30268.78
42,TCS,IT Services & Consulting,1699.0,-98.45,-5.48,637530.16
43,Tech Mahindra,IT Services & Consulting,499.6,-76.75,-13.32,49276.98
44,Titan Company,Diamond  &  Jewellery,819.05,-85.85,-9.49,72714.13
45,UltraTechCement,Cement,3072.4,-501.45,-14.03,88676.68
46,UPL,Pesticides & Agrochemicals,258.35,-41.8,-13.93,19739.11
47,Vedanta,Metals - Non Ferrous,62.6,-12.85,-17.03,23269.65
48,Wipro,IT Services & Consulting,171.3,-7.9,-4.41,97869.81
49,Yes Bank,Bank - Private,40.0,-5.85,-12.76,50201.89
50,Zee Entertain,TV Broadcasting & Software Production,125.8,-19.1,-13.18,12082.88
